id;a_id;b_id;c_id
1;14851;14852;14853
2;14823;14824;14825
3;14812;14813;14814
4;14286;14287;14288
5;14783;14784;
6;14308;14309;14310
7;14754;14755;14756
8;14739;14740;14741
9;14736;14737;14738
10;14345;14346;14347
11;14348;14349;
12;14721;14722;14723
13;14366;14367;
14;14708;14709;
15;14368;14369;14370
16;14697;14698;14699
17;14472;14473;14474
18;14483;14484;14485
19;14674;14675;14676
20;14387;14388;14389
21;14522;14523;14524
22;14535;14536;14537
23;14538;14539;14540
24;14541;14542;14543
25;14457;14458;14459
26;14508;14509;14510
27;14571;14572;14573
28;14577;14578;14579
29;14599;14600;14601
30;14568;14569;14570
31;15795;15796;15797
32;15843;15844;15845
33;16000;16001;16002
34;16030;16031;16032
35;16635;16636;16637
36;16734;16735;16736
37;16875;16876;16877
38;17000;17001;17002
39;17129;17130;17131
40;17974;17975;17976
41;17995;17996;17997
42;17998;17999;18000
43;18001;18002;18003
44;18028;18029;18030
45;18040;18041;18042
46;17216;17217;17218
47;18343;18344;18345
48;18532;18533;18534
49;19273;19274;19275
50;19201;19202;19203
51;19072;19073;19074
52;19270;19271;19272
53;19054;19055;19056
54;19279;19280;19281
55;19243;19244;19245
56;19282;19283;19284
57;19261;19262;19263
58;19285;19286;19287
59;19288;19289;19290
60;19234;19235;19236
61;19294;19295;19296
62;19297;19298;19299
63;19300;19301;19302
64;19303;19304;19305
65;19219;19220;19221
66;19057;19058;19059
67;19306;19307;19308
68;19309;19310;19311
69;19240;19241;19242
70;19315;19316;19317
71;19318;19319;19320
72;19321;19322;19323
73;19216;19217;19218
74;19795;19796;19797
75;19693;19694;19695
76;20091;20092;20093
77;20097;20098;20099
78;19756;19757;19758
79;20130;20131;20132
80;20136;20137;20138
81;20142;20143;20144
82;20225;20226;20227
83;19972;19973;19974
84;20260;20261;20262
85;19981;19982;19983
86;20263;20264;20265
87;19954;19955;19956
88;19951;19952;19953
89;20281;20282;20283
90;19948;19949;19950
91;19990;19991;19992
92;20311;20312;20313
93;20302;20303;20304
94;20350;20351;20352
95;20386;20387;20388
96;20401;20402;20403
97;16914;16915;16916
98;21190;21191;21192
99;22063;22064;22065
100;22066;22067;22068
101;22069;22070;22071
102;22075;22076;22077
103;22078;22079;22080
104;22081;22082;22083
105;22084;22085;22086
106;22087;22088;22089
107;22090;22091;22092
108;22093;22094;22095
109;22096;22097;22098
110;22099;22100;22101
111;22102;22103;22104
112;22108;22109;22110
113;22133;22134;22135
114;22136;22137;22138
115;22139;22140;22141
116;22142;22143;22144
117;22148;22149;22150
118;22169;22170;22171
119;22172;22173;22174
120;22178;22179;22180
121;22207;22208;22209
122;22210;22211;22212
123;22219;22220;22221
124;22222;22223;22224
125;22252;22253;22254
126;22258;22259;22260
127;22261;22262;22263
128;22264;22265;
129;22266;22267;22268
130;22334;22335;22336
131;22346;22347;22348
132;22349;22350;22351
133;22355;22356;22357
134;22372;22373;22374
135;22381;22382;22383
136;22386;22387;
137;22396;22397;22398
138;22405;22406;22407
139;22415;22416;22417
140;22421;22422;
141;22427;22428;22429
142;22430;22431;
143;22446;22447;22448
144;22449;22450;22451
145;22456;22457;22458
146;22463;22464;
147;22465;22466;
148;22473;22474;22475
149;22487;22488;22489
150;22490;22491;22492
151;22505;22506;22507
152;22508;22509;22510
153;22511;22512;22513
154;23127;23128;23129
155;23133;23134;23135
156;23139;23140;23141
157;23145;23146;23147
158;23160;23161;23162
159;23172;23173;23174
160;23178;23179;23180
161;23196;23197;23198
162;23266;23267;23268
163;23278;23279;23280
164;23208;23209;23210
165;23281;23282;23283
166;23284;23285;23286
167;23220;23221;23222
168;23226;23227;23228
169;23239;23240;23241
170;23306;23307;23308
171;23272;23273;23274
172;23260;23261;23262
173;23175;23176;23177
174;23193;23194;23195
175;23199;23200;23201
176;23257;23258;23259
177;22830;22831;22832
178;20443;20444;20445
179;18058;18059;18060
180;22151;22152;22153
181;23634;23635;23636
182;23637;23638;23639
183;23658;23659;23660
184;23142;23143;23144
185;23670;23671;23672
186;23154;23155;23156
187;23676;23677;23678
188;23535;23536;23537
189;23679;23680;23681
190;23532;23533;23534
191;23691;23692;23693
192;23700;23701;23702
193;23709;23710;23711
194;21558;21559;21560
195;23163;23164;23165
196;23727;23728;23729
197;23733;23734;23735
198;23739;23740;23741
199;23745;23746;23747
200;23754;23755;23756
201;18514;18515;18516
202;23559;23560;23561
203;23703;23704;23705
204;23907;23908;23909
205;23919;23920;23921
206;23925;23926;23927
207;24095;24096;24097
208;24577;24578;24579
209;24583;24584;24585
210;24595;24596;24597
211;24643;24644;24645
212;24646;24647;24648
213;24667;24668;24669
214;24688;24689;24690
215;24745;24746;24747
216;24763;24764;24765
217;24769;24770;24771
218;24784;24785;24786
219;24787;24788;24789
220;24790;24791;24792
221;24796;24797;24798
222;24799;24800;24801
223;24814;24815;24816
224;24826;24827;24828
225;24832;24833;24834
226;24820;24821;24822
227;24838;24839;24840
228;24844;24845;24846
229;24862;24863;24864
230;24883;24884;24885
231;24898;24899;24900
232;24877;24878;24879
233;24904;24905;24906
234;24910;24911;24912
235;24916;24917;24918
236;24928;24929;24930
237;24940;24941;24942
238;25012;25013;25014
239;25018;25019;25020
240;24439;24440;24441
241;25027;25028;25029
242;24445;24446;24447
243;25030;25031;25032
244;24679;24680;24681
245;24811;24812;24813
246;25232;25233;25234
247;25259;25260;25261
248;21632;21633;21634
249;22166;22167;22168
250;25274;25275;25276
251;25352;25353;25354
252;25438;25439;25440
253;25517;25518;25519
254;25919;25920;25921
255;25931;25932;25933
256;25459;25460;25461
257;25772;25773;25774
258;25778;25779;25780
259;25895;25896;25897
260;25889;25890;25891
261;25901;25902;25903
262;25925;25926;25927
263;25883;25884;25885
264;25907;25908;25909
265;25913;25914;25915
266;25943;25944;25945
267;25949;25950;25951
268;25937;25938;25939
269;25955;25956;25957
270;25961;25962;25963
271;25967;25968;25969
272;25877;25878;25879
273;25871;25872;25873
274;25823;25824;25825
275;25817;25818;25819
276;25829;25830;25831
277;25835;25836;25837
278;25811;25812;25813
279;25790;25791;25792
280;25805;25806;25807
281;25799;25800;25801
282;25865;25866;25867
283;26003;26004;26005
284;26030;26031;26032
285;26024;26025;26026
286;26118;26119;26120
287;26121;26122;26123
288;26130;26131;26132
289;26133;26134;26135
290;26136;26137;26138
291;26139;26140;26141
292;26145;26146;26147
293;26157;26158;26159
294;26199;26200;26201
295;26225;26226;26227
296;26231;26232;26233
297;26283;26284;
298;26288;26289;26290
299;26297;26298;
300;26308;26309;26310
301;26356;26357;26358
302;26378;26379;26380
303;26407;26408;
304;26445;26446;26447
305;26469;26470;26471
306;26577;26578;26579
307;26634;26635;26636
308;26640;26641;26642
309;26646;26647;26648
310;26673;26674;26675
311;26694;26695;26696
312;26709;26710;26711
313;27500;27501;27502
314;27677;27678;27679
315;27686;27687;27688
316;27692;27693;27694
317;27704;27705;27706
318;27710;27711;27712
319;27716;27717;27718
320;27722;27723;27724
321;27731;27732;27733
322;27752;27753;27754
323;27758;27759;27760
324;27764;27765;27766
325;27774;27775;27776
326;27786;27787;27788
327;27792;27793;27794
328;27837;27838;27839
329;27858;27859;27860
330;27867;27868;27869
331;27876;27877;27878
332;27885;27886;27887
333;27894;27895;27896
334;27900;27901;27902
335;27912;27913;27914
336;28068;28069;28070
337;28074;28075;28076
338;28080;28081;28082
339;28086;28087;28088
340;28092;28093;28094
341;28098;28099;28100
342;28121;28122;28123
343;28127;28128;28129
344;28133;28134;28135
345;28139;28140;28141
346;28145;28146;28147
347;28151;28152;28153
348;28163;28164;28165
349;28169;28170;28171
350;28175;28176;28177
351;28181;28182;28183
352;28187;28188;28189
353;28193;28194;28195
354;28202;28203;28204
355;28274;28275;28276
356;26892;26893;26894
357;27494;27495;27496
358;28298;28299;28300
359;28314;28315;28316
360;28437;28438;28439
361;28539;28540;28541
362;28572;28573;28574
363;28654;28655;28656
364;28675;28676;28677
365;28717;28718;28719
366;28933;28934;28935
367;28948;28949;28950
368;28954;28955;28956
369;28966;28967;28968
370;28984;28985;28986
371;28993;28994;28995
372;29011;29012;29013
373;29047;29048;29049
374;29086;29087;29088
375;28633;28634;28635
376;28497;28498;28499
377;28419;28420;28421
378;29122;29123;29124
379;28479;28480;28481
380;28467;28468;28469
381;29125;29126;29127
382;28461;28462;28463
383;28407;28408;28409
384;28533;28534;28535
385;29128;29129;29130
386;28038;28039;28040
387;27978;27979;27980
388;28047;28048;28049
389;28681;28682;28683
390;29131;29132;29133
391;28792;28793;28794
392;28915;28916;28917
393;28921;28922;28923
394;28873;28874;28875
395;29137;29138;29139
396;28699;28700;28701
397;29143;29144;29145
398;29149;29150;29151
399;28527;28528;28529
400;28590;28591;28592
401;28509;28510;28511
402;28380;28381;28382
403;29164;29165;29166
404;29167;29168;29169
405;28449;28450;28451
406;28362;28363;28364
407;27969;27970;27971
408;27822;27823;27824
409;28317;28318;28319
410;29179;29180;29181
411;27870;27871;27872
412;28909;28910;28911
413;28972;28973;28974
414;29242;29243;29244
415;28705;28706;28707
416;27852;27853;27854
417;29245;29246;29247
418;29254;29255;29256
419;29257;29258;29259
420;27984;27985;27986
421;27999;28000;28001
422;27840;27841;27842
423;29266;29267;29268
424;27945;27946;27947
425;27951;27952;27953
426;27963;27964;27965
427;27993;27994;27995
428;29374;29375;29376
429;29380;29381;29382
430;29446;29447;29448
431;29452;29453;29454
432;29506;29507;29508
433;29521;29522;29523
434;29652;29653;29654
435;29658;29659;29660
436;29664;29665;29666
437;29670;29671;29672
438;29676;29677;29678
439;29682;29683;29684
440;29694;29695;29696
441;29700;29701;29702
442;29706;29707;29708
443;29712;29713;29714
444;29718;29719;29720
445;29724;29725;29726
446;29730;29731;29732
447;29742;29743;29744
448;29763;29764;29765
449;29784;29785;29786
450;29871;29872;29873
451;29892;29893;29894
452;29925;29926;29927
453;30095;30096;30097
454;30109;30110;30111
455;24023;24024;24025
456;30121;30122;30123
457;30127;30128;30129
458;23913;23914;23915
459;30133;30134;30135
460;30139;30140;30141
461;30145;30146;30147
462;30157;30158;30159
463;30163;30164;30165
464;30169;30170;30171
465;30175;30176;30177
466;30187;30188;30189
467;30193;30194;30195
468;30199;30200;30201
469;29278;29279;29280
470;30202;30203;30204
471;30205;30206;30207
472;30208;30209;30210
473;30211;30212;30213
474;30214;30215;30216
475;30217;30218;30219
476;30220;30221;30222
477;30223;30224;30225
478;30226;30227;30228
479;30232;30233;30234
480;30235;30236;30237
481;30238;30239;30240
482;30244;30245;30246
483;30247;30248;30249
484;30250;30251;30252
485;30253;30254;30255
486;30265;30266;30267
487;30289;30290;30291
488;30089;30090;30091
489;30086;30087;30088
490;30083;30084;30085
491;30098;30099;
492;30048;30049;30050
493;30051;30052;
494;30053;30054;30055
495;30307;30308;30309
496;30062;30063;30064
497;30065;30066;
498;30067;30068;30069
499;30070;30071;30072
500;30073;30074;30075
501;30076;30077;
502;30078;30079;30080
503;30081;30082;
504;30334;30335;30336
505;30340;30341;30342
506;30352;30353;30354
507;30362;30363;
508;30382;30383;30384
509;30385;30386;30387
510;30402;30403;
511;30407;30408;30409
512;30413;30414;30415
513;28413;28414;28415
514;28473;28474;28475
515;26193;26194;26195
516;30449;30450;30451
517;28639;28640;28641
518;30455;30456;30457
519;28663;28664;28665
520;30458;30459;30460
521;30464;30465;30466
522;28693;28694;28695
523;30467;30468;30469
524;30470;30471;30472
525;30476;30477;30478
526;28825;28826;28827
527;28831;28832;28833
528;30488;30489;30490
529;28891;28892;28893
530;28942;28943;28944
531;28485;28486;28487
532;30494;30495;30496
533;30506;30507;30508
534;30512;30513;30514
535;30521;30522;30523
536;28578;28579;28580
537;30539;30540;30541
538;30545;30546;30547
539;30575;30576;30577
540;30578;30579;30580
541;30602;30603;30604
542;30608;30609;30610
543;30620;30621;30622
544;30626;30627;30628
545;30634;30635;
546;30648;30649;30650
547;30654;30655;30656
548;30657;30658;30659
549;30672;30673;30674
550;30678;30679;30680
551;30684;30685;30686
552;30690;30691;30692
553;30714;30715;30716
554;30726;30727;30728
555;30732;30733;30734
556;30741;30742;30743
557;30759;30760;30761
558;30783;30784;30785
559;30789;30790;30791
560;22953;22954;22955
561;30798;30799;30800
562;23628;23629;23630
563;30815;30816;
564;30819;30820;
565;30834;30835;30836
566;30867;30868;30869
567;30870;30871;30872
568;31182;31183;31184
569;31197;31198;31199
570;31200;31201;31202
571;31203;31204;31205
572;24244;24245;24246
573;31005;31006;31007
574;31011;31012;31013
575;31017;31018;31019
576;31029;31030;31031
577;31038;31039;31040
578;31050;31051;31052
579;31062;31063;31064
580;31083;31084;31085
581;31209;31210;31211
582;31089;31090;31091
583;31095;31096;31097
584;31101;31102;31103
585;31107;31108;31109
586;31113;31114;31115
587;31119;31120;31121
588;31125;31126;31127
589;31140;31141;31142
590;31158;31159;31160
591;31164;31165;31166
592;31215;31216;31217
593;31173;31174;31175
594;31188;31189;31190
595;31194;31195;31196
596;31221;31222;31223
597;31071;31072;31073
598;31224;31225;31226
599;31044;31045;31046
600;30999;31000;31001
601;24020;24021;24022
602;30434;30435;30436
603;30984;30985;30986
604;30957;30958;30959
605;31233;31234;31235
606;31239;31240;31241
607;31245;31246;31247
608;31251;31252;31253
609;31260;31261;31262
610;31269;31270;31271
611;31281;31282;31283
612;31287;31288;31289
613;31293;31294;31295
614;31299;31300;31301
615;31311;31312;31313
616;31317;31318;31319
617;31330;31331;31332
618;31342;31343;31344
619;31354;31355;31356
620;31366;31367;31368
621;31378;31379;31380
622;31390;31391;31392
623;31396;31397;31398
624;31429;31430;31431
625;31450;31451;31452
626;31471;31472;31473
627;31483;31484;31485
628;31504;31505;31506
629;31510;31511;31512
630;31531;31532;31533
631;31537;31538;31539
632;31543;31544;31545
633;31549;31550;31551
634;31579;31580;31581
635;31597;31598;31599
636;31606;31607;31608
637;31621;31622;31623
638;33670;33671;33672
639;33685;33686;33687
640;33691;33692;33693
641;33703;33704;33705
642;33709;33710;33711
643;33715;33716;33717
644;33721;33722;33723
645;33745;33746;33747
646;33769;33770;33771
647;33781;33782;33783
648;33796;33797;33798
649;33576;33577;33578
650;33830;33831;33832
651;33840;33841;33842
652;26616;26617;26618
653;33849;33850;33851
654;33873;33874;33875
655;3418645;3418646;3418647
656;3418886;3418887;3418888
657;3421496;3421497;3421498
658;3422279;3422280;3422281
659;3422288;3422289;3422290
660;3422297;3422298;3422299
661;3422378;3422379;3422380
662;3422381;3422382;3422383
663;3422384;3422385;3422386
664;3422387;3422388;3422389
665;3422390;3422391;3422392
666;3422393;3422394;3422395
667;31893;31894;31895
668;3422399;3422400;3422401
669;3422402;3422403;3422404
670;3422405;3422406;3422407
671;3422408;3422409;3422410
672;3422411;3422412;3422413
673;3422414;3422415;3422416
674;3422417;3422418;3422419
675;23904;23905;23906
676;3422423;3422424;3422425
677;3422426;3422427;3422428
678;3422429;3422430;3422431
679;3422432;3422433;3422434
680;3422435;3422436;3422437
681;3422438;3422439;3422440
682;3422447;3422448;3422449
683;3422732;3422733;3422734
684;3422756;3422757;3422758
685;3422780;3422781;3422782
686;3422892;3422893;3422894
687;3422895;3422896;3422897
688;3422925;3422926;3422927
689;3422949;3422950;3422951
690;3422952;3422953;3422954
691;3423042;3423043;3423044
692;3423063;3423064;3423065
693;3423087;3423088;3423089
694;3423096;3423097;3423098
695;3423099;3423100;3423101
696;3423129;3423130;3423131
697;3423147;3423148;3423149
698;3423153;3423154;3423155
699;3424358;3424359;3424360
700;3424364;3424365;3424366
701;3424394;3424395;3424396
702;3424400;3424401;3424402
703;3424412;3424413;3424414
704;3424418;3424419;3424420
705;3424424;3424425;3424426
706;3424430;3424431;3424432
707;3424436;3424437;3424438
708;3424442;3424443;3424444
709;3424448;3424449;3424450
710;3424454;3424455;3424456
711;3424460;3424461;3424462
712;3424466;3424467;3424468
713;3424472;3424473;3424474
714;3424478;3424479;3424480
715;3424484;3424485;3424486
716;3424490;3424491;3424492
717;3424496;3424497;3424498
718;3424502;3424503;3424504
719;3424508;3424509;3424510
720;3424514;3424515;3424516
721;3424520;3424521;3424522
722;3424526;3424527;3424528
723;3424532;3424533;3424534
724;3424538;3424539;3424540
725;3424544;3424545;3424546
726;3424550;3424551;3424552
727;3424556;3424557;3424558
728;3424562;3424563;3424564
729;3424568;3424569;3424570
730;3424574;3424575;3424576
731;3424580;3424581;3424582
732;3424586;3424587;3424588
733;3424592;3424593;3424594
734;3424598;3424599;3424600
735;3424610;3424611;3424612
736;3424616;3424617;3424618
737;3424622;3424623;3424624
738;3424628;3424629;3424630
739;3424634;3424635;3424636
740;3424640;3424641;3424642
741;3424646;3424647;3424648
742;3424652;3424653;3424654
743;3424658;3424659;3424660
744;3424664;3424665;3424666
745;3424670;3424671;3424672
746;3424676;3424677;3424678
747;3424682;3424683;3424684
748;3424688;3424689;3424690
749;3424694;3424695;3424696
750;3424700;3424701;3424702
751;3424706;3424707;3424708
752;3424712;3424713;3424714
753;3424718;3424719;3424720
754;3424724;3424725;3424726
755;3425018;3425019;3425020
756;3425032;3425033;3425034
757;3425038;3425039;3425040
758;3425385;3425386;3425387
759;3425388;3425389;3425390
760;3425391;3425392;3425393
761;3425409;3425410;3425411
762;3425412;3425413;3425414
763;3425415;3425416;3425417
764;3425430;3425431;3425432
765;3425466;3425467;3425468
766;3425469;3425470;3425471
767;3425512;3425513;3425514
768;3425515;3425516;3425517
769;3425518;3425519;3425520
770;3425526;3425527;3425528
771;3425532;3425533;3425534
772;3425556;3425557;3425558
773;3425568;3425569;3425570
774;3425574;3425575;3425576
775;3425580;3425581;3425582
776;3425586;3425587;3425588
777;3425592;3425593;3425594
778;3425598;3425599;3425600
779;3425604;3425605;3425606
780;3425610;3425611;3425612
781;3425616;3425617;3425618
782;3425625;3425626;
783;3425630;3425631;3425632
784;3425636;3425637;3425638
785;3425642;3425643;3425644
786;3425648;3425649;3425650
787;3425657;3425658;3425659
788;3425663;3425664;3425665
789;3425669;3425670;3425671
790;3425675;3425676;3425677
791;3425681;3425682;3425683
792;3425687;3425688;3425689
793;3425693;3425694;3425695
794;3425711;3425712;3425713
795;3425783;3425784;3425785
796;3425789;3425790;3425791
797;3425795;3425796;3425797
798;3425801;3425802;3425803
799;3425807;3425808;3425809
800;3425812;3425813;
801;3425817;3425818;3425819
802;3425823;3425824;3425825
803;3425835;3425836;3425837
804;3425841;3425842;3425843
805;3425847;3425848;3425849
806;3425859;3425860;3425861
807;3426023;3426024;3426025
808;3426026;3426027;3426028
809;3426029;3426030;3426031
810;3426053;3426054;3426055
811;3426056;3426057;3426058
812;3426062;3426063;3426064
813;3426065;3426066;3426067
814;3426077;3426078;3426079
815;3426083;3426084;3426085
816;3426086;3426087;3426088
817;3426089;3426090;3426091
818;3426092;3426093;3426094
819;3426095;3426096;3426097
820;3426098;3426099;3426100
821;3426107;3426108;3426109
822;3426113;3426114;3426115
823;3426116;3426117;3426118
824;3426119;3426120;
825;3426121;3426122;3426123
826;3426133;3426134;3426135
827;3426136;3426137;3426138
828;3426139;3426140;3426141
829;3426160;3426161;3426162
830;3426163;3426164;3426165
831;3426166;3426167;3426168
832;3426169;3426170;3426171
833;3426172;3426173;3426174
834;3426178;3426179;3426180
835;3426181;3426182;3426183
836;3426211;3426212;3426213
837;3426223;3426224;3426225
838;3429061;3429062;3429063
839;32978;32979;32980
840;3429067;3429068;3429069
841;19819;19820;19821
842;20017;20018;20019
843;20061;20062;20063
844;20073;20074;20075
845;31989;31990;31991
846;27623;27624;27625
847;26390;26391;26392
848;19915;19916;19917
849;19816;19817;19818
850;26412;26413;26414
851;3429076;3429077;3429078
852;19792;19793;19794
853;26399;26400;26401
854;3429082;3429083;3429084
855;3429307;3429308;3429309
856;3429310;3429311;3429312
857;3429313;3429314;3429315
858;3429319;3429320;3429321
859;3429322;3429323;3429324
860;3429325;3429326;3429327
861;3429328;3429329;3429330
862;3429331;3429332;
863;3429333;3429334;3429335
864;3429336;3429337;
865;3429338;3429339;3429340
866;3429341;3429342;
867;3429343;3429344;3429345
868;3429346;3429347;3429348
869;3429349;3429350;3429351
870;3429352;3429353;3429354
871;3429355;3429356;3429357
872;3429358;3429359;3429360
873;3429361;3429362;3429363
874;3429364;3429365;3429366
875;3429367;3429368;3429369
876;3429370;3429371;3429372
877;3429373;3429374;3429375
878;3429376;3429377;3429378
879;3429379;3429380;3429381
880;3429382;3429383;3429384
881;3429385;3429386;3429387
882;3429388;3429389;
883;3429390;3429391;3429392
884;3429393;3429394;3429395
885;3429396;3429397;3429398
886;3429399;3429400;3429401
887;3429402;3429403;3429404
888;3429405;3429406;3429407
889;3429408;3429409;3429410
890;3429510;3429511;3429512
891;3429513;3429514;3429515
892;3429516;3429517;3429518
893;3429411;3429412;3429413
894;3429414;3429415;3429416
895;3429417;3429418;3429419
896;3429420;3429421;3429422
897;3429423;3429424;3429425
898;3429426;3429427;
899;3429428;3429429;3429430
900;3429431;3429432;
901;3429433;3429434;3429435
902;3429436;3429437;3429438
903;3429439;3429440;3429441
904;3429442;3429443;3429444
905;3429445;3429446;3429447
906;3429448;3429449;3429450
907;3429451;3429452;3429453
908;3429454;3429455;
909;3429456;3429457;3429458
910;3429459;3429460;3429461
911;3429462;3429463;3429464
912;3429465;3429466;3429467
913;3429468;3429469;3429470
914;3429471;3429472;3429473
915;3429474;3429475;
916;3429479;3429480;3429481
917;3429482;3429483;3429484
918;3429485;3429486;3429487
919;3429488;3429489;3429490
920;3429491;3429492;
921;3429493;3429494;
922;3429495;3429496;
923;3429497;3429498;3429499
924;3429500;3429501;3429502
925;3429503;3429504;
926;3429505;3429506;
927;3429519;3429520;3429521
928;3429599;3429600;3429601
929;3429602;3429603;3429604
930;3429605;3429606;3429607
931;3429608;3429609;3429610
932;3429611;3429612;3429613
933;3429614;3429615;3429616
934;3429525;3429526;3429527
935;3429528;3429529;3429530
936;3429531;3429532;3429533
937;3429534;3429535;3429536
938;3429537;3429538;3429539
939;3429540;3429541;3429542
940;3429543;3429544;3429545
941;3429546;3429547;3429548
942;3429549;3429550;3429551
943;3429552;3429553;3429554
944;3429555;3429556;
945;3429557;3429558;
946;3429559;3429560;3429561
947;3429562;3429563;3429564
948;3429565;3429566;3429567
949;3429568;3429569;3429570
950;3429571;3429572;3429573
951;3429574;3429575;3429576
952;3429577;3429578;
953;3429579;3429580;3429581
954;3429582;3429583;3429584
955;3429585;3429586;3429587
956;3429588;3429589;3429590
957;3429591;3429592;
958;3429593;3429594;3429595
959;3429596;3429597;3429598
